,TEAM,CONF,G,W,ADJOE,ADJDE,BARTHAG,EFG_O,EFG_D,TOR,TORD,ORB,DRB,FTR,FTRD,2P_O,2P_D,3P_O,3P_D,ADJ_T,WAB
0, Houston, Amer, 31, 29, 120.7, 91.7, .9597, 53.8, 42.7, 15.3, 22.4, 37.8, 27.9, 27.6, 34.9, 54.4, 43.2, 35.2, 28, 63.1, 8
1, Alabama, SEC, 31, 26, 116.9, 90.9, .9474, 52.8, 42.1, 19.1, 16, 33.2, 27.3, 38.2, 33.5, 54.6, 41.9, 33.9, 28.4, 73.2, 8.9
2, Tennessee, SEC, 32, 23, 112.9, 88.2, .9442, 50.2, 41.7, 18.1, 22.4, 37, 27.2, 31.1, 35.3, 51, 44, 32.7, 25.8, 65.5, 3.6
3, UCLA, P12, 32, 28, 114.5, 89.7, .9436, 51.2, 47.3, 15.6, 24.1, 34.5, 27.4, 27.2, 27.1, 50.8, 47.3, 34.8, 31.6, 66.4, 8.2
4, Connecticut, BE, 32, 25, 119.8, 94.2, .9409, 53.6, 45.2, 19, 19.5, 39, 26.2, 31.6, 39, 53.4, 45.6, 35.9, 29.5, 67.2, 5.3
5, Purdue, B10, 31, 26, 119.2, 94.2, .9371, 52.3, 47.1, 17.3, 15.5, 38.5, 23.3, 36.8, 18.6, 54.3, 47.4, 32.7, 31, 64, 7.5
6, Gonzaga, WCC, 32, 28, 125.4, 100.2, .9296, 58.5, 51.7, 14.6, 18.8, 31.1, 26, 34.2, 26.7, 59, 51.2, 38.4, 35, 69.9, 7
7, Saint Mary's, WCC, 32, 26, 113.5, 91.0, .9268, 52.5, 46.7, 16.4, 19, 33.1, 21.8, 31.2, 30.3, 51, 45.6, 36.7, 32.8, 62.1, 3.9
8, Arizona, P12, 31, 25, 120.8, 97.4, .9220, 56.5, 47.3, 18.4, 17, 31.3, 26.3, 36.6, 25.9, 56.4, 46.2, 37.8, 32.8, 72.7, 5.9
9, San Diego St., MWC, 30, 25, 114.3, 92.3, .9211, 50.9, 48, 17.9, 19.7, 31.9, 25.4, 34, 30, 50, 50.3, 35.1, 29.7, 66.1, 5.5
10, Texas, B12, 31, 23, 116.8, 94.8, .9167, 53.3, 48.7, 16.5, 22.7, 28.4, 29.3, 31.6, 35.2, 54.1, 48, 34.5, 33.3, 69.1, 6.2
11, Kansas, B12, 32, 26, 114.2, 92.9, .9148, 52.5, 47, 17.1, 20, 28.6, 27.8, 29.7, 31.9, 52.7, 47, 34.8, 31.2, 69.1, 10
12, Creighton, BE, 31, 20, 115.1, 94.0, .9112, 54.4, 46.9, 16.7, 14.4, 26, 23, 28, 19.9, 55, 45.6, 35.8, 33.5, 67.7, 1.7
13, Baylor, B12, 32, 22, 123.1, 101.1, .9058, 53.1, 51.4, 18.1, 19.9, 34.7, 31.1, 37.2, 31.4, 50.8, 53.3, 37.2, 32.2, 66.9, 5.6
14, Texas A&M, SEC, 31, 23, 115.1, 95.4, .8970, 49.2, 47.4, 18.2, 21.2, 36.3, 30.2, 46.3, 35.4, 49.5, 46.7, 32.5, 32.2, 66.2, 3.1
15, Marquette, BE, 32, 26, 119.3, 98.9, .8963, 56.4, 51.5, 15.5, 23.1, 26.7, 31.7, 27.1, 29.5, 59.2, 50.3, 35, 35.8, 69.1, 6.1
16, Iowa St., B12, 31, 19, 110.4, 91.8, .8925, 50.9, 49.8, 19.4, 25.1, 33.7, 26.5, 27.9, 39.5, 51.1, 49, 33.8, 33.9, 64.1, 2.9
17, Xavier, BE, 31, 23, 120.4, 100.2, .8919, 56.3, 50.4, 17.7, 16.6, 31.2, 25.7, 31.4, 27.7, 54.7, 48.4, 39.8, 36.1, 70.9, 4.5
18, West Virginia, B12, 33, 19, 117.6, 98.0, .8906, 51.7, 50.7, 18.5, 20.9, 33.7, 29.3, 39.7, 38.5, 51.3, 50.5, 34.8, 34.1, 68.7, 1.8
19, Arkansas, SEC, 31, 19, 112.2, 93.7, .8876, 52, 46.4, 18.1, 20.5, 30.2, 27.8, 38.7, 38.4, 53.6, 46.5, 32.1, 30.9, 69.8, 0.6
20, Kansas St., B12, 31, 23, 112.0, 93.7, .8854, 51.6, 47.4, 19.8, 20.9, 31, 29.1, 37.3, 36.9, 51.4, 49.2, 34.5, 29.5, 70, 5.1
21, Auburn, SEC, 31, 20, 113.1, 94.8, .8835, 49.5, 45.2, 18.2, 19.1, 33.6, 31.6, 35, 38.9, 50.8, 46.3, 31.4, 28.8, 67.7, 1.8
22, Duke, ACC, 32, 24, 112.7, 95.1, .8755, 50.9, 46.3, 18.3, 16.8, 36.7, 26.2, 29.9, 23.8, 51.4, 46.5, 33.3, 30.5, 65.2, 3.2
23, Memphis, Amer, 31, 23, 114.6, 96.8, .8747, 53, 47.7, 18.7, 21.1, 31.3, 31.7, 36, 35, 53.5, 48.2, 34.4, 31.4, 71.5, 3.6
24, TCU, B12, 31, 20, 112.4, 95.3, .8699, 50.5, 48, 17.2, 22, 32.5, 30.6, 34.3, 29.6, 53, 48.7, 29.6, 31.1, 70, 2.3
25, Kentucky, SEC, 31, 21, 117.4, 99.6, .8690, 51.3, 48.5, 17.2, 16.7, 38.3, 25.6, 32.5, 29.7, 50.3, 48, 35.9, 32.8, 65.9, 2.5
26, Utah St., MWC, 30, 24, 118.4, 100.5, .8686, 56.3, 48.5, 17.4, 16, 27.4, 24.6, 35.3, 29.2, 54.5, 46.1, 39.2, 35.4, 68.6, 3.1
27, Michigan St., B10, 30, 19, 113.8, 96.8, .8654, 51.9, 47.9, 16.5, 14.9, 27.3, 25.3, 25.6, 28.9, 47.8, 48.9, 40.1, 30.9, 65, 2.8
28, Maryland, B10, 31, 20, 113.7, 97.0, .8610, 51.5, 47.6, 16.4, 18.3, 29.7, 27.2, 34, 27.3, 53, 47.5, 32.7, 31.8, 64.9, 1
29, Oklahoma St., B12, 32, 18, 109.2, 93.6, .8553, 49.9, 45.9, 20.5, 19.1, 31.8, 28.7, 32.5, 31.2, 51.4, 44.8, 31.6, 31.8, 67.6, 0.7
30, Boise St., MWC, 30, 23, 110.2, 94.6, .8531, 51.8, 46.9, 16.9, 17.6, 26.9, 23.8, 30.2, 27.3, 50.8, 47.8, 35.7, 30.3, 66.6, 2.8
31, Indiana, B10, 31, 21, 114.0, 97.9, .8520, 53.9, 47.5, 17.3, 16.6, 28.2, 27.6, 30.3, 30.4, 53, 46.3, 37.6, 33, 68.1, 3.2
32, Northwestern, B10, 31, 21, 109.5, 94.5, .8451, 47.6, 48.4, 15.1, 21.7, 28.3, 27.4, 29.6, 30.8, 47, 46.6, 32.3, 33.9, 65, 1.9
33, Virginia, ACC, 29, 23, 110.7, 95.6, .8436, 51.5, 48.7, 13.7, 19.8, 25.8, 24.9, 34.5, 25, 50.2, 46.8, 35.9, 34.4, 61.5, 3.4
34, USC, P12, 31, 22, 113.1, 98.0, .8388, 51.4, 45.1, 18.1, 18.2, 29, 32.9, 33.5, 29.2, 51.3, 42.6, 34.4, 32.9, 68.1, 2.6
35, Florida Atlantic, CUSA, 29, 28, 113.7, 98.6, .8369, 55.2, 47, 16.3, 18.6, 30.4, 24.3, 29.3, 27.3, 53.8, 45.2, 38, 33.6, 68.3, 3.5
36, Miami FL, ACC, 31, 25, 118.1, 102.4, .8367, 55, 51, 16.6, 18.1, 32.3, 28.9, 30.2, 23.4, 54.7, 51.7, 37, 33.2, 68.7, 3.8
37, Rutgers, B10, 32, 19, 104.5, 90.7, .8355, 47.7, 45.7, 17.3, 21.8, 31.8, 27.2, 28.8, 27.4, 47.7, 45.9, 31.8, 30.4, 66, -1
38, North Carolina, ACC, 32, 20, 111.6, 97.0, .8340, 49.4, 48.6, 15.1, 15, 30.5, 23.5, 37.1, 25.8, 50.9, 48.1, 31.2, 33.1, 69, -0.4
39, Iowa, B10, 32, 19, 120.9, 105.2, .8313, 51.9, 53.3, 14.1, 18.5, 32.2, 27.6, 32.6, 23.4, 52.1, 52.6, 34.3, 36.6, 69.6, 0.1
40, North Carolina St., ACC, 32, 23, 115.3, 100.5, .8296, 52.2, 49.5, 13.5, 19.1, 31.1, 26.6, 25.6, 34.2, 51.8, 50.5, 35.2, 31.6, 69.4, 1.4
41, Cincinnati, Amer, 30, 20, 113.4, 98.8, .8293, 52.2, 47.8, 15.3, 16.9, 30.5, 27.4, 25.4, 29.9, 51.2, 47.7, 35.8, 32.1, 68.4, -1.5
42, Liberty, ASun, 31, 26, 112.0, 97.8, .8264, 55.8, 49.5, 16, 19.4, 25.8, 20.1, 25.8, 27.8, 56.7, 47.6, 36.5, 35.1, 64.2, -1.7
43, Drake, MVC, 33, 27, 111.1, 97.1, .8251, 53.1, 47.3, 15.5, 17.7, 24.3, 22.4, 28.8, 26.7, 51.9, 47.5, 36.7, 31.2, 66.4, -0
44, Illinois, B10, 31, 20, 110.0, 96.3, .8215, 51.6, 46.5, 18.5, 18.8, 32.3, 26.6, 34, 29.3, 55.4, 44.9, 31, 33.4, 69.6, 1
45, Oregon, P12, 31, 18, 114.6, 100.4, .8207, 51.7, 48.1, 18.5, 16.7, 32.9, 26.5, 31.4, 24.5, 53.8, 46.2, 32.4, 34.2, 66, -0.6
46, Washington St., P12, 32, 17, 111.8, 98.1, .8188, 50.3, 49.5, 18.6, 16.6, 32.2, 25.7, 28.2, 28.4, 46.8, 50.3, 36.6, 32, 64.1, -2.5
47, Michigan, B10, 32, 17, 112.2, 98.5, .8178, 51.2, 47.8, 14.8, 14.8, 25.4, 26.1, 30.8, 26.2, 50.8, 47.8, 34.6, 31.9, 67.5, -2.1
48, New Mexico, MWC, 31, 22, 116.7, 102.4, .8176, 53.3, 50.2, 15.6, 17.6, 28.3, 27.1, 39.6, 28.5, 52.8, 50.9, 36.3, 32.7, 71.4, 0.2
49, North Texas, CUSA, 29, 25, 109.2, 96.0, .8149, 51, 45.7, 19.7, 20.5, 33.5, 27.6, 31.8, 39.7, 49.3, 45.2, 35.7, 31, 58.1, 1.2
50, Penn St., B10, 31, 19, 117.3, 103.1, .8143, 56.1, 49.9, 13.4, 13.8, 18, 24.7, 18.8, 25.7, 53.9, 48.7, 38.9, 34.6, 64.4, -0
51, Mississippi St., SEC, 32, 21, 104.9, 92.3, .8131, 47.4, 46, 19.3, 22.3, 35.3, 28.9, 34.8, 28.1, 51, 46.2, 27, 30.5, 63.8, 0.8
52, Oklahoma, B12, 32, 15, 110.3, 97.0, .8129, 52.4, 48, 20, 15.5, 23.7, 27.2, 30.1, 30.1, 52.2, 48.5, 35.1, 31.2, 65.1, -1.3
53, Clemson, ACC, 31, 22, 111.4, 98.4, .8069, 54.5, 47.4, 16.1, 16.7, 23.2, 24.5, 30.8, 31.5, 54, 45.6, 36.9, 33.4, 68.1, -0.5
54, Texas Tech, B12, 32, 16, 111.4, 98.4, .8060, 52.3, 48.9, 19.9, 19.9, 32.1, 30.1, 34.8, 28.4, 52.6, 49.1, 34.5, 32.4, 67.3, -2.2
55, UAB, CUSA, 30, 23, 112.9, 99.8, .8042, 51.1, 47.6, 17.7, 19.3, 36.9, 29.1, 36.5, 30.9, 49.2, 46.8, 36.9, 32.7, 70.8, -1.1
56, Providence, BE, 32, 21, 116.2, 102.7, .8040, 51.5, 50, 16.9, 16.9, 35.2, 26.7, 36.8, 25.5, 50.9, 49.6, 35.1, 33.9, 67, 1
57, Ohio St., B10, 33, 15, 115.3, 102.0, .8035, 52, 48.9, 16.4, 16.1, 32.1, 28.4, 26.6, 27.6, 51, 49.4, 36.1, 32.1, 66.2, -3.5
58, Nevada, MWC, 31, 22, 110.5, 97.9, .8011, 50.5, 49, 15.2, 18.7, 22.9, 25.1, 39.5, 31.4, 50.3, 49.3, 33.8, 32.5, 66, 1.4
59, Sam Houston St., WAC, 27, 25, 104.9, 93.3, .7946, 51, 47.6, 20.5, 23.5, 30.9, 25.5, 32.9, 39, 46.7, 46.7, 38.9, 32.4, 64.5, 1.2
60, Missouri, SEC, 31, 23, 118.9, 105.8, .7930, 55.5, 52.2, 16.3, 24.5, 27.5, 37.8, 30.3, 36, 56.4, 51.3, 36.2, 35.5, 69.5, 3.4
61, Villanova, BE, 32, 17, 112.8, 100.4, .7925, 51.9, 50.5, 15.8, 17.4, 22.9, 25.7, 31.1, 27.1, 53.3, 51, 33.7, 33.2, 63.4, -2.1
62, Seton Hall, BE, 31, 17, 106.4, 94.7, .7923, 49.4, 47.6, 20.4, 21.3, 30.8, 30.3, 40.5, 31, 49.2, 48.2, 33.2, 31, 66.5, -2.4
63, Dayton, A10, 32, 21, 109.5, 97.5, .7919, 53.2, 44.5, 19.1, 16.4, 30.2, 26.7, 35.5, 23.6, 53.9, 45.4, 34.7, 28.7, 62.9, -3.7
64, UCF, Amer, 31, 18, 109.4, 97.6, .7883, 50.6, 48, 19.3, 21.9, 33.6, 31.3, 29.9, 33.4, 48.1, 49, 36.1, 30.9, 64.3, -3.1
65, VCU, A10, 32, 25, 105.3, 94.0, .7854, 51.8, 47, 19.9, 24.5, 28.7, 29.6, 42.1, 30.3, 52.2, 46.1, 33.9, 32.5, 68.2, 0.4
66, Iona, MAAC, 32, 25, 110.4, 98.7, .7843, 51.8, 46.1, 15.1, 20.7, 31.6, 30.3, 28.4, 31.5, 50.9, 47.2, 35.9, 29.3, 68.9, -1.5
67, Colorado, P12, 33, 17, 106.1, 94.8, .7842, 49, 47.7, 19.2, 19.6, 31.3, 25.3, 30.3, 32.2, 49.6, 47.7, 31.9, 31.8, 69.2, -3.3
68, Utah, P12, 32, 17, 107.6, 96.2, .7835, 48.9, 45, 18, 15.2, 31.3, 27.4, 29.2, 24.4, 48.4, 44.9, 33.3, 30.2, 66.1, -3.3
69, Oral Roberts, Sum, 30, 30, 113.9, 101.9, .7822, 56.1, 48.5, 13.2, 17.6, 24.5, 27.4, 24.6, 22, 56.6, 46.6, 37, 34.2, 70.5, 2
70, College of Charleston, CAA, 33, 31, 110.7, 99.2, .7797, 51.5, 47.9, 16.7, 19.3, 35.1, 25.5, 32.7, 24.7, 52.9, 49.1, 33.3, 30.3, 71.1, 1.8
71, Arizona St., P12, 32, 21, 106.5, 95.8, .7728, 47.8, 45.7, 17.1, 20.6, 29.6, 31.8, 30.5, 33.3, 48.5, 43.3, 31.1, 33, 68.5, 1.1
72, Florida, SEC, 32, 16, 106.9, 96.5, .7647, 49.8, 45.9, 15.7, 17.6, 23.5, 30.5, 35.1, 29.8, 50.9, 45.4, 31.9, 31.4, 69.5, -2.7
73, BYU, WCC, 32, 19, 109.1, 98.5, .7642, 51.5, 49.5, 20.2, 18.5, 31.8, 24.1, 32.5, 37.8, 53.1, 48.8, 32.7, 33.7, 69.6, -4.1
74, Utah Valley, WAC, 28, 24, 106.2, 95.9, .7638, 50.9, 44.1, 19.1, 16.8, 28.9, 29.3, 36.4, 29.1, 52.2, 42.4, 32.3, 31.5, 69.8, 0.5
75, Santa Clara, WCC, 31, 23, 111.6, 100.8, .7633, 52.5, 50.8, 17.1, 16.5, 30.2, 24.5, 30.9, 25.8, 50.5, 48.6, 37.4, 36.2, 70, 0.6
76, Wisconsin, B10, 31, 17, 105.9, 95.8, .7597, 48.5, 50.3, 13.5, 18.6, 22.4, 25.4, 24.1, 28, 45.8, 51.3, 35, 32.3, 62.9, -0.6
77, Vanderbilt, SEC, 31, 18, 115.8, 104.8, .7592, 49.4, 49.1, 15.8, 14.9, 31.4, 30.6, 31.6, 31.3, 48.3, 50.4, 34, 31.3, 66.2, -0.4
78, Yale, Ivy, 25, 20, 109.5, 99.4, .7525, 53.2, 47.2, 16.4, 18.8, 28.4, 22.6, 30.6, 33.6, 53.6, 46, 35, 32.7, 66.1, -1.6
79, Virginia Tech, ACC, 33, 19, 114.1, 103.7, .7504, 54.2, 50.6, 14.8, 16.3, 26.1, 27.4, 26.4, 24.9, 54.1, 50.4, 36.2, 34.1, 66.6, -3.4
80, Kent St., MAC, 30, 26, 107.0, 97.4, .7480, 51.1, 47, 16.6, 22.8, 30.5, 30.2, 31.6, 38.8, 52.3, 47.2, 32.9, 31.1, 68, 0.5
81, Stanford, P12, 32, 14, 114.2, 104.0, .7474, 52.1, 50.9, 18.8, 18.4, 31.4, 26.5, 29.4, 28.6, 51.1, 49.6, 35.8, 35.1, 65.7, -6.1
82, Toledo, MAC, 31, 26, 120.5, 109.7, .7472, 56.8, 52.3, 13.8, 18.2, 30, 30.1, 34.5, 27.6, 54.5, 51.8, 40.7, 35.4, 69.6, -0.5
83, Wichita St., Amer, 30, 16, 108.6, 99.1, .7424, 50.7, 47.2, 18.6, 17, 29.1, 28.6, 31.4, 25.6, 53.7, 45.2, 30.5, 33.4, 66.1, -4.5
84, Hofstra, CAA, 32, 24, 109.8, 100.1, .7421, 55.2, 46.2, 15.7, 18.5, 23, 31.3, 21.4, 25.2, 55.2, 46.1, 36.8, 30.9, 67.3, -2.2
85, Bradley, MVC, 33, 25, 107.4, 98.0, .7414, 52.9, 46.6, 17.9, 19.4, 29.2, 24, 27, 31.6, 52.7, 45.6, 35.5, 32.2, 65.2, -0.8
86, Pittsburgh, ACC, 33, 22, 114.2, 104.5, .7370, 53.2, 49.2, 16.4, 16.7, 30.4, 28.2, 32.4, 30.6, 52.7, 48.6, 36, 33.4, 67.3, -0.6
87, Louisiana Lafayette, SB, 30, 26, 112.8, 103.3, .7350, 53, 50.6, 17.5, 18.1, 33.8, 26.4, 37.7, 33.8, 52.2, 49.2, 36.6, 35.9, 68.5, -0.3
88, Wake Forest, ACC, 33, 19, 112.5, 103.0, .7327, 54.2, 51.6, 17.1, 17.3, 24.8, 26.6, 32.1, 26.7, 54, 51, 36.4, 35, 69.5, -3.3
89, St. John's, BE, 33, 18, 108.0, 99.1, .7290, 49.4, 50.2, 18.7, 19.7, 34, 27.6, 27.7, 29.6, 49.3, 49.2, 33.1, 34.5, 73.4, -2.9
90, Marshall, SB, 31, 24, 110.5, 101.5, .7275, 52.6, 47.7, 15.5, 20.1, 31.7, 32.6, 26.2, 28, 53.9, 47.7, 33.6, 31.9, 72.1, -2.4
91, UNLV, MWC, 30, 19, 107.5, 98.8, .7256, 49, 52, 17.5, 25, 27.9, 31.1, 36.4, 30.9, 48, 50.7, 33.6, 35.7, 69.7, -2
92, Indiana St., MVC, 33, 22, 110.7, 101.8, .7246, 56.4, 48.2, 16.7, 17.5, 21.7, 22.7, 31.9, 31.4, 58.8, 48.5, 35.7, 31.8, 70.8, -6.3
93, South Alabama, SB, 33, 19, 108.8, 100.2, .7212, 52.8, 46.6, 14.6, 16.1, 20.9, 28.4, 22.3, 28.3, 53.4, 47.9, 34.5, 29, 65.5, -7.7
94, Furman, SC, 31, 27, 114.3, 105.3, .7183, 55.6, 50.6, 15.8, 18.4, 29.6, 27.1, 34.7, 31.8, 59.1, 51.2, 34.4, 33.1, 68.4, -1.8
95, UC Irvine, BW, 31, 23, 107.0, 98.8, .7152, 52, 45.2, 17.5, 17.5, 26.9, 26.2, 29.4, 36.2, 49.9, 44.3, 37.7, 31.4, 69.3, -3.4
96, Saint Louis, A10, 31, 21, 111.3, 103.3, .7030, 52, 47.8, 17.2, 15.3, 29.9, 26.3, 29.1, 32.6, 51.8, 46.1, 34.9, 33.7, 69, -2.5
97, San Jose St., MWC, 31, 20, 110.7, 102.7, .7025, 50.7, 48.7, 18.7, 13.2, 34.3, 24.3, 27.7, 28.8, 51.6, 46.9, 33, 34.6, 62.7, -1
98, Tulane, Amer, 29, 19, 110.5, 102.8, .6960, 53.2, 50.5, 14.9, 19.7, 18.7, 30.3, 35.5, 29.7, 54.3, 48.9, 34.3, 35.2, 73, -1.8
99, Temple, Amer, 31, 16, 108.5, 101.1, .6945, 50.1, 48.6, 19.8, 16.7, 28.6, 28.9, 35.1, 32.1, 50.4, 47.9, 33.2, 33.3, 66.1, -4.9
100, Montana St., BSky, 32, 25, 106.1, 98.9, .6921, 50.9, 49.4, 17.6, 20.1, 25.7, 25.5, 44.4, 35.5, 52.4, 48, 32, 34.8, 66.3, -2.5
101, San Francisco, WCC, 33, 20, 110.2, 102.8, .6915, 53.6, 49.9, 19.6, 17.6, 28.5, 26.5, 32.2, 38.1, 52.6, 49.4, 36.4, 33.8, 68.7, -3.2
102, Vermont, AE, 31, 22, 111.0, 103.5, .6905, 55, 51, 14.4, 16.7, 19.5, 22.2, 28, 26.5, 55.4, 50.1, 36.4, 35, 64.7, -3.7
103, Southern Miss, SB, 29, 25, 107.6, 100.9, .6780, 51.2, 47.6, 17.5, 19.7, 30.9, 28.7, 32.8, 30.4, 52.4, 47.2, 32.7, 32.2, 68.4, -0.5
104, Nebraska, B10, 32, 16, 106.3, 99.8, .6719, 51.7, 49.9, 18.6, 17.7, 24.7, 28.3, 28.2, 21.9, 53.4, 49, 32.6, 34.1, 66.8, -2.2
105, Colorado St., MWC, 32, 15, 111.9, 105.2, .6702, 54.8, 52.2, 16.7, 17.9, 19.6, 27.1, 29.8, 29.6, 55.8, 51, 35.5, 35.8, 66.3, -6
106, UNC Greensboro, SC, 30, 20, 104.0, 98.0, .6642, 50.6, 47.8, 17.8, 19.3, 29.2, 26.5, 32.4, 31.4, 49.3, 46.8, 35.1, 32.8, 65.8, -5.9
107, Colgate, Pat, 33, 26, 113.0, 106.5, .6639, 58.6, 51.9, 14.9, 17.6, 24.9, 24.1, 27.6, 20.3, 57.1, 51.5, 40.9, 34.9, 67.7, -3.4
108, Akron, MAC, 29, 21, 108.9, 103.0, .6533, 51.2, 50.1, 16.3, 18.1, 30, 26, 33.8, 27.1, 50.9, 48.4, 34.5, 35.4, 64.9, -4
109, Southern Utah, WAC, 27, 20, 110.0, 104.1, .6520, 52.1, 51.3, 19.2, 17.8, 28.2, 25.3, 41.4, 32.8, 51.8, 50.5, 35.1, 35.2, 71.9, -3.5
110, Cal St. Fullerton, BW, 28, 18, 104.6, 99.1, .6491, 49.6, 48.3, 17.8, 20.6, 26.1, 29.9, 39, 32.4, 46.4, 49.6, 36.4, 30.9, 64.6, -5.4
111, Duquesne, A10, 32, 20, 108.5, 102.9, .6487, 51, 50.2, 17.2, 20.9, 33.4, 33.2, 26.6, 35.1, 48.6, 48.8, 36.5, 35.3, 68.1, -5.7
112, Washington, P12, 32, 16, 104.8, 99.5, .6456, 48.8, 47.1, 19.9, 18.4, 26.4, 34.6, 31.7, 25.4, 50, 48.6, 31.3, 29.7, 69.1, -3.7
113, James Madison, SB, 30, 22, 106.0, 100.8, .6403, 51.5, 49.4, 18.6, 21.4, 31.3, 27.6, 38.9, 31.8, 51.4, 50.7, 34.5, 31.5, 70.5, -4.4
114, Mississippi, SEC, 33, 12, 106.9, 101.7, .6398, 47.5, 49.5, 18.3, 18, 33.3, 29.9, 29.2, 30.3, 48.6, 48.9, 30.3, 33.8, 66, -8.2
115, Princeton, Ivy, 25, 19, 108.2, 103.1, .6370, 52.6, 47.8, 17.3, 14.5, 27.8, 22.8, 31.8, 29.4, 54.2, 47.2, 33.6, 32.6, 67.7, -3.4
116, Kennesaw St., ASun, 31, 26, 106.8, 101.8, .6341, 52.9, 51.2, 17.9, 19.6, 27.5, 25.8, 36.5, 36.2, 51.3, 50.5, 37.1, 34.8, 68.5, -1.2
117, UC Santa Barbara, BW, 29, 24, 111.0, 106.1, .6266, 54.2, 49.8, 17.5, 18.8, 28, 26.1, 33.3, 28.5, 55.1, 48.5, 34.7, 35.2, 64.3, -1.6
118, UMass Lowell, AE, 31, 26, 108.8, 104.2, .6228, 53.9, 46.8, 20.1, 20.1, 35.9, 27.4, 33.6, 33.7, 52.3, 44.6, 38.2, 34.4, 68.7, -3.5
119, Penn, Ivy, 28, 17, 110.1, 105.4, .6225, 53.4, 49.1, 19, 14.9, 30.2, 27.6, 29.9, 31.3, 53, 49, 36, 32.8, 67, -5.4
120, Belmont, MVC, 31, 21, 111.2, 106.7, .6168, 55.3, 51.1, 16.8, 17.7, 25.4, 30, 24.3, 29.3, 53.2, 49.8, 38.9, 35.6, 68.4, -4.5
121, Charlotte, CUSA, 31, 18, 107.0, 102.7, .6162, 54.5, 50.1, 17.2, 17.8, 23.1, 23.7, 24.8, 25.5, 53.3, 49.1, 37.5, 34.4, 60.5, -6
122, Loyola Marymount, WCC, 30, 19, 108.8, 104.6, .6125, 53.1, 51.8, 18.3, 16.2, 30.2, 24.6, 31.6, 34.9, 51.9, 52, 36.5, 34.3, 67.2, -2.5
123, Tarleton St., WAC, 28, 17, 105.1, 101.2, .6076, 47.9, 52.8, 18.1, 23.9, 25.7, 29.9, 48.6, 47.2, 46.9, 51.8, 33.8, 36.1, 66.6, -6.9
124, Towson, CAA, 33, 21, 108.5, 104.7, .6023, 51.1, 48.6, 18.4, 17.7, 35.7, 26.7, 29.8, 29.5, 49, 47.7, 36.7, 33.2, 64.7, -5.8
125, Fresno St., MWC, 30, 11, 104.2, 100.7, .5959, 49.3, 51.2, 18.1, 19.7, 24.9, 28.2, 24.3, 32.1, 51.1, 48.3, 31.1, 37.3, 64.1, -9.5
126, Grand Canyon, WAC, 29, 21, 110.3, 106.6, .5950, 51.5, 47.2, 18.7, 15.6, 31.5, 30.7, 37.6, 32, 50, 46.7, 35.9, 32.3, 65, -4.3
127, Middle Tennessee, CUSA, 29, 18, 105.4, 102.2, .5887, 51.4, 51.2, 19.7, 22, 31.8, 29.7, 29.9, 34.8, 51.3, 49.8, 34.5, 36, 67.2, -5.4
128, Davidson, A10, 31, 16, 107.9, 104.7, .5863, 50.1, 50.8, 16.2, 17.3, 24.9, 27.8, 32.8, 26.7, 51.3, 51.5, 31.9, 33, 65.2, -8.2
129, Eastern Washington, BSky, 31, 22, 111.2, 107.9, .5857, 56.5, 49.9, 19.9, 15.9, 28.1, 25.9, 32.1, 29.6, 58.8, 50.7, 35.7, 32.5, 68.5, -3.8
130, Hawaii, BW, 31, 22, 101.9, 99.2, .5763, 48.7, 44.7, 18.3, 16.8, 29.6, 26.5, 33.7, 27.2, 48.4, 44.7, 32.8, 29.7, 64.7, -4.6
131, Air Force, MWC, 32, 14, 106.4, 103.7, .5756, 54.2, 49.3, 19, 17.1, 22.3, 28.6, 31.2, 35.2, 54.8, 51.9, 35.6, 29.3, 63.1, -8.8
132, Syracuse, ACC, 32, 17, 109.5, 106.6, .5744, 51.6, 51.2, 17, 18.7, 30, 33.6, 30.7, 21.7, 50.5, 50.9, 36.1, 34.4, 67.3, -5.9
133, Butler, BE, 32, 14, 100.7, 98.2, .5735, 49.5, 50.1, 17.6, 18.6, 20, 30.3, 25.9, 22.6, 49.7, 51, 32.7, 32.1, 65.7, -4.7
134, Stephen F. Austin, WAC, 29, 19, 105.0, 102.4, .5727, 51.5, 51.4, 21.3, 23.8, 31.6, 32.2, 38.9, 41.8, 49.2, 51.7, 38, 34, 69.2, -6.7
135, South Florida, Amer, 32, 14, 106.3, 103.7, .5700, 50.8, 49.8, 19.6, 18.7, 33, 27.8, 30.7, 37.1, 51, 48.2, 33.6, 34.9, 68.4, -9
136, Ohio, MAC, 31, 19, 110.9, 108.3, .5682, 52.6, 51.4, 15.9, 17.6, 32.3, 29.2, 27.7, 33.7, 50.4, 51.6, 37.5, 34.1, 68.1, -6.7
137, Southern Illinois, MVC, 32, 23, 101.0, 98.7, .5641, 51.7, 47.6, 19.3, 19.6, 22.8, 27.3, 30.6, 29.8, 54.6, 46.7, 32.2, 33, 63.8, -2.9
138, Samford, SC, 28, 21, 108.8, 106.4, .5617, 53.6, 51.9, 17.9, 19.8, 28.2, 27, 41, 37.6, 52.6, 49, 36.5, 37, 68, -5.8
139, Utah Tech, WAC, 29, 14, 108.2, 105.9, .5610, 52.8, 53.9, 21.3, 20.2, 28.7, 27, 45.5, 34.7, 50.4, 52.8, 37.5, 37.1, 68.9, -10
140, Wyoming, MWC, 30, 9, 107.9, 105.8, .5577, 51.6, 53.4, 18.2, 16.4, 24.2, 25.3, 33.4, 28.9, 51.3, 52.6, 34.7, 36.4, 65.6, -10.9
141, Missouri St., MVC, 31, 17, 104.9, 102.9, .5548, 50.1, 49.3, 19.1, 18.6, 33.2, 26.9, 27.2, 30.4, 50.9, 49.5, 32.8, 32.6, 62, -7.5
142, Eastern Kentucky, ASun, 30, 20, 103.9, 102.1, .5519, 47.6, 49.5, 17.2, 18.4, 33.3, 30.1, 24.8, 25.7, 47.8, 48.5, 31.5, 34.1, 70.2, -6.1
143, Notre Dame, ACC, 32, 11, 109.0, 107.2, .5471, 52, 52.1, 13.4, 13.6, 19.6, 26.5, 23.3, 26.5, 50.6, 52.4, 35.8, 34.3, 64.8, -11.8
144, Long Beach St., BW, 31, 17, 105.8, 104.2, .5444, 48.4, 49.8, 18.7, 18.2, 34.6, 28, 34.4, 30, 49.4, 48.8, 30.2, 34.2, 73.1, -8.4
145, LSU, SEC, 32, 14, 106.5, 105.0, .5405, 47.7, 51.8, 18.6, 17.5, 31.4, 28.6, 33.8, 29.6, 46.6, 51.9, 33, 34.5, 65.7, -6.3
146, Appalachian St., SB, 29, 16, 102.1, 100.7, .5389, 48.7, 47.9, 16.3, 17.1, 24.5, 28.8, 29.3, 24.8, 48.3, 46.5, 32.9, 33.4, 65.1, -9.9
147, Troy, SB, 30, 20, 103.1, 101.8, .5366, 49.4, 48.6, 18.7, 21.1, 30.3, 30.1, 32.5, 34.6, 51.2, 48.4, 31.2, 32.7, 67.8, -5.8
148, Portland, WCC, 31, 14, 110.5, 109.1, .5364, 53.8, 54.5, 18, 16.9, 24.1, 30.2, 43.3, 27.7, 51.8, 53.2, 37.4, 37.4, 69.3, -8.9
149, UC Davis, BW, 29, 18, 105.3, 104.1, .5345, 50.3, 50.5, 20.4, 20.8, 32.3, 29, 43, 32, 49.7, 48.6, 34.3, 36.6, 70.7, -7.3
150, Fordham, A10, 31, 24, 101.8, 100.7, .5315, 48.3, 46.6, 19.3, 19.5, 30, 25.4, 37.9, 38, 48.7, 45.8, 31.9, 32.4, 69.7, -1.3
151, Cal Baptist, WAC, 31, 17, 103.8, 102.7, .5310, 49, 47.6, 18.1, 16, 28.9, 26.1, 31.6, 29.3, 49.2, 49, 32.5, 29.7, 64.1, -9.6
152, Georgia Tech, ACC, 31, 15, 104.2, 103.3, .5269, 48.5, 50.1, 15.6, 15.9, 27.5, 29.9, 23.5, 30.8, 47.4, 52, 33.4, 31, 66.5, -8.3
153, Youngstown St., Horz, 31, 24, 111.2, 110.2, .5260, 55.1, 51.7, 15.7, 18, 30.8, 28.6, 29.6, 26.4, 55.2, 51.7, 36.5, 34.5, 68.1, -5.1
154, Georgia, SEC, 32, 16, 104.4, 103.4, .5253, 47.1, 49.8, 19.3, 16.8, 30.5, 30.5, 40.5, 28.9, 46.8, 51, 31.7, 31.9, 67.6, -5.3
155, Cornell, Ivy, 25, 17, 111.8, 110.9, .5250, 55.4, 55.7, 16.7, 22, 28.8, 29.2, 28.9, 30.6, 58.4, 57.3, 34.9, 35.5, 71.1, -4.8
156, Northern Kentucky, Horz, 32, 22, 103.5, 102.6, .5243, 49.8, 51.3, 17.5, 23.2, 31.3, 32.8, 27.4, 30.8, 47.7, 48.9, 35.2, 36.7, 61.9, -6.5
157, DePaul, BE, 32, 10, 106.0, 105.2, .5224, 49.1, 51.4, 18.2, 17.9, 25.8, 34, 28, 35.5, 45.7, 51.1, 36.5, 34.7, 68.8, -8.6
158, George Mason, A10, 33, 20, 101.7, 101.1, .5160, 51.9, 47.9, 20.2, 16.9, 27.9, 24.8, 37.1, 33, 51.5, 49.4, 35, 30.1, 66.4, -5.7
159, SMU, Amer, 32, 10, 103.7, 103.1, .5160, 47.4, 51.8, 18, 18.7, 28.1, 30.5, 33, 32.8, 47.8, 51.4, 31.1, 34.9, 69.4, -10.2
160, Grambling St., SWAC, 29, 23, 100.4, 99.9, .5155, 50.3, 44.9, 21.4, 21, 31.6, 30.9, 41.1, 40.5, 48.7, 43.9, 36.3, 31.1, 66.1, -3.7
161, Seattle, WAC, 29, 20, 100.2, 99.6, .5151, 46.3, 48.3, 17, 17.8, 29.9, 26.8, 31.7, 32.8, 46.1, 48.5, 31, 32, 68.8, -4
162, Pacific, WCC, 31, 15, 108.1, 107.5, .5148, 52.6, 54, 16.2, 17.9, 22.9, 31.2, 33.1, 36.4, 49.6, 55.1, 38.3, 34.9, 69.8, -9.8
163, Montana, BSky, 30, 17, 108.4, 107.9, .5143, 53.8, 51.2, 17.3, 15.9, 24.4, 25.1, 29.1, 37.9, 52.4, 52.5, 37.3, 32.5, 63.6, -7.6
164, Brown, Ivy, 27, 14, 101.1, 100.7, .5127, 50.7, 51.2, 19, 19.7, 23.4, 23.7, 29.8, 26.9, 49.8, 50.4, 34.7, 35, 69.3, -7.1
165, Longwood, BSth, 30, 20, 104.1, 103.6, .5121, 50.2, 51.2, 17.8, 21.5, 32.1, 26.9, 33.6, 33.5, 49.5, 50.5, 34.3, 34.7, 66, -7.6
166, UNC Wilmington, CAA, 32, 24, 101.9, 101.5, .5113, 48.9, 49.2, 18.6, 20.7, 27.8, 28, 39.7, 37.6, 48.3, 51.2, 33.3, 30.5, 65.2, -2.8
167, North Carolina Central, MEAC, 25, 18, 101.1, 100.9, .5079, 51.2, 49.1, 22.6, 21.6, 32.9, 29.4, 34.4, 33.9, 50.7, 50.3, 34.9, 31.4, 67.8, -6.5
168, Cleveland St., Horz, 32, 21, 104.9, 104.6, .5071, 49.5, 48.2, 17.4, 20.5, 35.2, 35, 30, 30.7, 50.7, 48.8, 30.8, 31.5, 65.6, -8
169, Quinnipiac, MAAC, 30, 20, 104.8, 104.7, .5042, 50.3, 47.9, 18.3, 16.4, 32.3, 27.4, 33.5, 27, 47.7, 48.4, 36.5, 31.3, 69.9, -6.3
170, Ball St., MAC, 30, 20, 108.1, 107.9, .5038, 53, 51, 17.8, 16.7, 30.5, 28.4, 42.3, 31.3, 51.7, 47.7, 36.9, 38.4, 67.3, -6.2
171, Richmond, A10, 33, 15, 103.1, 103.0, .5030, 51.2, 49.6, 17.1, 17.1, 21, 25.4, 33, 26.2, 52.4, 49.7, 33, 32.9, 65.3, -10.4
172, UC Riverside, BW, 31, 21, 106.0, 106.0, .5012, 50, 51.4, 18, 17.3, 32.2, 22.8, 26, 37.4, 48.4, 51.4, 35.1, 34.3, 66.9, -3.6
173, Boston College, ACC, 33, 16, 103.1, 103.1, .5008, 48.7, 51.5, 18.3, 18.3, 27.6, 28.3, 27.3, 27.6, 49.2, 49.1, 31.9, 36.8, 66.6, -6.8
174, Louisiana Tech, CUSA, 29, 15, 105.8, 105.8, .4996, 51.4, 53.8, 19.9, 21, 30.6, 27.6, 27.5, 38.2, 50.7, 51, 35, 38.4, 66.4, -9.3
175, Chattanooga, SC, 32, 18, 108.2, 108.2, .4993, 54, 50.9, 17.5, 15.3, 27.3, 26.7, 32, 30.2, 51.8, 50.6, 37.3, 34.2, 68.1, -11
176, Lipscomb, ASun, 30, 20, 104.0, 104.1, .4971, 53.7, 50.2, 17.3, 15.6, 25, 24.6, 23.6, 23.3, 53.5, 49.4, 36, 34.3, 69.3, -7.1
177, Stetson, ASun, 28, 17, 112.7, 112.8, .4958, 54.1, 53.3, 15.8, 14.5, 28.7, 28.3, 25.5, 29.5, 51.1, 52.7, 38.6, 36.2, 64.5, -6.8
178, Saint Joseph's, A10, 33, 16, 104.8, 105.0, .4948, 50.2, 50.5, 18.2, 18.9, 28.9, 30.7, 34.2, 32.8, 50.9, 50.1, 32.9, 34.1, 69.2, -9.6
179, UNC Asheville, BSth, 32, 27, 103.1, 103.4, .4892, 53.9, 48, 20, 17.9, 25.8, 28.7, 41.3, 26.8, 51.4, 49.1, 38.8, 30.5, 68.4, -1.6
180, Radford, BSth, 31, 19, 104.4, 104.9, .4876, 51.5, 52.6, 18.4, 20.3, 30.7, 27.9, 28.8, 32.3, 50.5, 53.5, 35.7, 34, 64.6, -8.3
181, Buffalo, MAC, 29, 15, 104.1, 104.6, .4864, 49.7, 51.9, 19.3, 18.4, 32.2, 29.1, 31.9, 36.6, 51.1, 51.9, 31.4, 34.6, 72.1, -8.4
182, UTEP, CUSA, 30, 14, 99.7, 100.4, .4782, 48.6, 51.1, 22.9, 22.9, 33.3, 29.7, 38.8, 37.3, 50.7, 51.8, 29.1, 33.2, 66.8, -10.5
183, St. Bonaventure, A10, 32, 14, 101.3, 102.3, .4707, 49.2, 48.6, 18.8, 19.4, 27.5, 29.2, 29.5, 40.9, 47.5, 52.1, 34.8, 28.7, 65.6, -11.5
184, Western Kentucky, CUSA, 30, 17, 104.9, 106.0, .4700, 50.3, 50.6, 17, 17.8, 25.8, 30.9, 32.6, 25.8, 49, 47.2, 35, 36.8, 67.2, -7.8
185, Georgia Southern, SB, 30, 17, 100.9, 102.1, .4671, 48.2, 49.5, 16.3, 18.3, 25.8, 27.3, 27.9, 34.6, 48.4, 49.4, 31.8, 33.2, 66.6, -9.7
186, Texas A&M Corpus Chris, Slnd, 29, 23, 106.5, 107.8, .4666, 51.2, 52.4, 18, 20.9, 32.5, 27.9, 34.4, 38.6, 49, 54.1, 36.9, 33.3, 69.2, -5.8
187, Harvard, Ivy, 26, 14, 100.1, 101.2, .4662, 49.5, 48.8, 19.8, 18.4, 30.3, 24.3, 31.2, 25, 52.1, 50, 30, 31.2, 66, -8.3
188, South Dakota St., Sum, 31, 19, 104.4, 105.6, .4647, 51.7, 50.9, 17.1, 17.3, 21.5, 26, 28.1, 23.1, 51.2, 51.7, 35.1, 33.2, 66.7, -6.1
189, Drexel, CAA, 31, 17, 100.8, 102.2, .4608, 49.4, 47.4, 17.9, 18, 29.4, 27.4, 30.1, 24.2, 50.6, 46.2, 31.8, 33.5, 63.4, -10.1
190, St. Thomas, Sum, 31, 19, 107.0, 108.6, .4579, 51.8, 51.9, 15.1, 17.3, 24, 28.8, 30.7, 31, 51.2, 52.6, 35.1, 33.7, 66.1, -8.3
191, Texas St., SB, 32, 16, 105.0, 106.6, .4572, 48.2, 50.9, 17.9, 18.6, 31.6, 28.5, 32.5, 41.7, 48.6, 49, 31.4, 36.4, 63.6, -11.7
192, George Washington, A10, 31, 16, 109.8, 111.6, .4523, 53, 52, 17.6, 15.5, 26.5, 29.7, 34.5, 27.7, 56, 51.7, 32.1, 34.9, 68.8, -10
193, Wright St., Horz, 31, 18, 104.4, 106.2, .4520, 53.5, 50.3, 17.3, 17.2, 26.2, 26.6, 24, 27.6, 53.9, 51.2, 35.1, 32.6, 71.3, -10.7
194, East Carolina, Amer, 32, 16, 103.3, 105.1, .4503, 47.5, 49.7, 19.1, 17.5, 33.5, 29.3, 37.1, 32.7, 47.1, 49.9, 32, 32.9, 67.3, -7.4
195, Old Dominion, SB, 30, 19, 102.1, 103.9, .4493, 46.4, 48.3, 17.1, 17.7, 32.8, 29, 36.2, 34.7, 46.1, 48.8, 31.5, 31.7, 65, -5.6
196, Abilene Christian, WAC, 26, 13, 105.8, 107.7, .4475, 49.2, 56.5, 17.3, 23.3, 25.5, 28.6, 32.3, 45.6, 48.1, 56.2, 34.3, 38.1, 69.1, -10
197, Pepperdine, WCC, 29, 9, 104.9, 106.9, .4466, 52, 52.5, 18.3, 16.6, 25.9, 30.5, 26.8, 32.6, 51.6, 51.6, 35.1, 36.2, 72.2, -12.5
198, Navy, Pat, 30, 18, 102.1, 104.0, .4456, 51.5, 50.4, 17.3, 19.5, 29.9, 28, 23.7, 30, 49.3, 49.8, 36.9, 34.2, 64.4, -8.5
199, Weber St., BSky, 31, 18, 99.6, 101.7, .4427, 50.8, 52.8, 19.2, 19.3, 21, 22.4, 33.7, 31.7, 51.8, 51.1, 32.8, 36.8, 65.1, -8.1
200, Gardner Webb, BSth, 29, 15, 99.3, 101.6, .4353, 50.7, 49.1, 19.5, 20.3, 28.5, 25.1, 34.8, 39.6, 51.5, 47.4, 32.8, 34.7, 66.2, -11.1
201, Morehead St., OVC, 28, 21, 101.6, 104.2, .4280, 49.5, 49.8, 18.9, 15.8, 27.3, 24.6, 35.9, 28.3, 47.1, 50.1, 35.6, 32.7, 63.6, -6.4
202, FIU, CUSA, 30, 14, 103.2, 105.9, .4256, 52.1, 52.1, 20.6, 22.8, 25.5, 36.7, 28.7, 30.6, 53.8, 50.4, 32.8, 36.5, 70, -10.9
203, Queens, ASun, 30, 18, 106.8, 109.7, .4221, 51.2, 53, 17.6, 15.7, 29.7, 26.1, 35.9, 25.4, 50.5, 53, 34.8, 35.3, 69.9, -9.2
204, Florida Gulf Coast, ASun, 31, 17, 104.0, 106.9, .4219, 51.2, 50.7, 17.1, 17.3, 26.6, 28.8, 28.2, 28.1, 50.1, 51.1, 35.1, 33.4, 66.3, -8.5
205, La Salle, A10, 33, 15, 104.8, 107.7, .4218, 48.7, 51, 18.2, 17.9, 30.9, 30.7, 28.6, 31.2, 47, 50.4, 34.4, 34.7, 67.7, -10.5
206, Georgetown, BE, 32, 7, 103.9, 107.0, .4175, 47.1, 53.6, 17.5, 15.9, 28.9, 30, 29.1, 24.5, 47.5, 50.5, 30.9, 38.9, 68.8, -12.7
207, Northern Iowa, MVC, 31, 14, 103.7, 106.7, .4172, 51.3, 53.8, 17.7, 18.2, 22.6, 22.4, 31.1, 26.5, 51.7, 53.6, 33.7, 36, 67.4, -11.3
208, Florida St., ACC, 32, 9, 104.7, 107.8, .4153, 49.3, 53.1, 17.6, 17.1, 25.9, 31.5, 30.4, 30.9, 49.2, 50.8, 33, 37.6, 68.8, -12.1
209, Siena, MAAC, 31, 17, 101.0, 104.1, .4139, 49.5, 49.4, 19.6, 18.4, 30.1, 26.7, 34.8, 33.6, 48, 49.2, 35, 33.3, 66.8, -9.4
210, Minnesota, B10, 30, 9, 102.5, 105.8, .4111, 49, 50.6, 19.5, 14.8, 25, 30.6, 30.8, 24.5, 49.3, 49.2, 32.4, 35.8, 65.8, -9.5
211, San Diego, WCC, 29, 11, 109.9, 113.5, .4089, 51.1, 58.2, 16, 17.3, 27.9, 29.7, 30.9, 33.4, 50.4, 55.9, 34.8, 41, 68.7, -11.8
212, Massachusetts, A10, 31, 15, 100.7, 104.1, .4051, 46.4, 50.2, 20.2, 19.2, 34.5, 27.9, 32.2, 32.4, 45.2, 50.5, 32.8, 33.1, 70.6, -9.1
213, New Mexico St., WAC, 21, 9, 104.2, 107.8, .4032, 50.2, 53.7, 18.3, 19.1, 27, 26.5, 34.7, 37, 48.8, 52.5, 35.1, 36.8, 69.1, -8.7
214, South Carolina, SEC, 32, 11, 103.4, 107.1, .4018, 46.9, 52.6, 19.9, 15.9, 32.7, 32.5, 26.8, 29.4, 45.8, 53.7, 32.3, 33.8, 64.3, -9.4
215, Murray St., MVC, 31, 17, 106.2, 109.9, .4010, 49, 51.9, 16.2, 15.6, 27.4, 27.3, 33.2, 24.4, 49.1, 53.2, 32.6, 33.4, 66.7, -7.6
216, Rider, MAAC, 29, 16, 105.5, 109.3, .4007, 49.5, 50.3, 17.8, 16.5, 33.8, 28.3, 29.3, 38.6, 49.4, 47.5, 33.3, 36.2, 65.1, -9.2
217, Bryant, AE, 28, 17, 103.8, 107.5, .4003, 52, 50, 18.7, 15.8, 29, 25.2, 32.9, 31.9, 53.4, 49.3, 33.3, 34.1, 72.1, -7.7
218, Howard, MEAC, 29, 20, 103.9, 107.7, .3992, 52.2, 51.6, 22.6, 21.1, 33.3, 31.7, 31.6, 34.4, 49.8, 51.6, 37.6, 34.4, 69.1, -7.3
219, Northern Arizona, BSky, 33, 12, 107.3, 111.2, .3980, 50.5, 55.3, 15.9, 17.2, 26.9, 25.7, 27.4, 38.7, 48.6, 55.7, 35.7, 36.5, 66.8, -15
220, North Dakota St., Sum, 31, 16, 104.0, 107.9, .3954, 51.7, 50.8, 16.9, 12.4, 24.4, 22.6, 32.2, 27.1, 52.2, 50.6, 33.9, 34.2, 68.1, -10.1
221, Detroit, Horz, 32, 14, 110.1, 114.2, .3952, 51.4, 53.6, 17.6, 17.1, 35.8, 29.7, 27.2, 28.9, 46.4, 52.6, 38.7, 36.8, 67.1, -12.9
222, Norfolk St., MEAC, 26, 20, 107.3, 111.4, .3924, 53.1, 51, 20.1, 18.6, 33.4, 31, 38.1, 35.8, 54.6, 49.3, 33.5, 35.2, 65.6, -5.1
223, Northwestern St., Slnd, 32, 22, 105.1, 109.3, .3903, 51.3, 51, 17.3, 21, 33.3, 33.6, 27.2, 38.7, 49.8, 51.8, 35.8, 32.9, 66.5, -5.5
224, Oregon St., P12, 31, 11, 99.0, 102.9, .3899, 46.5, 49.6, 20.8, 18.2, 25.3, 30.6, 33.9, 33.9, 45.7, 49.1, 31.9, 33.7, 63.6, -9.4
225, Mercer, SC, 31, 14, 99.1, 103.1, .3898, 48.9, 48.8, 18.2, 17.4, 30.4, 27.6, 28.6, 35.9, 48.8, 48.4, 32.7, 33, 64.5, -13.7
226, Campbell, BSth, 32, 16, 105.1, 109.6, .3831, 52.7, 52.5, 18.1, 18.4, 24.4, 27.8, 38, 32.1, 54.7, 53.2, 32.9, 34.4, 64.2, -13
227, Rice, CUSA, 29, 18, 106.6, 111.1, .3822, 53.3, 54.4, 18.1, 16, 23.6, 26.3, 33.1, 25.7, 53.8, 54.1, 35.1, 36.7, 70, -6.8
228, North Florida, ASun, 29, 14, 109.2, 114.2, .3740, 53.3, 52.4, 17.3, 14, 26.2, 32.9, 28.4, 23.5, 52.1, 52.1, 36.4, 35.5, 68.1, -10
229, UC San Diego, BW, 28, 10, 103.9, 108.7, .3734, 49.6, 51.8, 17.9, 16.5, 23.2, 29.3, 26.1, 27.9, 49.6, 49.7, 33, 37.1, 66, -13.8
230, Loyola Chicago, A10, 31, 10, 102.9, 107.6, .3733, 52.9, 51.6, 22.1, 17.9, 24.5, 28.5, 31.1, 37.5, 54.8, 51.7, 33.4, 34.4, 66.1, -13.5
231, Jacksonville, ASun, 26, 13, 100.8, 105.4, .3732, 50.6, 49.8, 19.1, 14.3, 23.9, 25.7, 22.8, 27, 51, 51.4, 33.3, 32.1, 61, -10.2
232, UT Arlington, WAC, 29, 11, 100.5, 105.3, .3693, 45.9, 51.9, 21.1, 20.1, 32.7, 30.8, 29.7, 39.5, 44.9, 49.6, 31.9, 37.1, 65.9, -13.2
233, Northern Colorado, BSky, 31, 12, 106.3, 111.4, .3683, 52.4, 53.1, 17.5, 14, 24.3, 27, 31.4, 31.7, 51, 54.5, 36.4, 33.4, 69.6, -12.5
234, Jacksonville St., ASun, 28, 13, 101.9, 106.9, .3663, 50.5, 52.5, 20.2, 16.5, 29.4, 24.1, 31.8, 29.5, 47.9, 52.7, 36, 34.9, 65.5, -11.4
235, Delaware, CAA, 32, 17, 102.5, 107.6, .3645, 49.6, 51.8, 16.5, 18.6, 25, 29.8, 33, 29.4, 50.5, 50.1, 32, 36.6, 67, -9.7
236, Army, Pat, 31, 17, 103.3, 108.5, .3640, 53.8, 51.4, 19.1, 15.6, 25.4, 24.2, 31.3, 28.5, 54.7, 52.4, 34.9, 33.1, 68.5, -12.4
237, Portland St., BSky, 29, 12, 103.2, 108.3, .3629, 49.6, 55, 16.8, 21.3, 24, 31.4, 34.8, 46.6, 49.7, 55, 33, 36.8, 72.4, -12.6
238, Milwaukee, Horz, 29, 21, 102.5, 107.8, .3598, 51.8, 48.2, 21.5, 17.7, 32.7, 32.8, 31.9, 29.4, 51.4, 49, 35, 31.4, 71.7, -6
239, Wofford, SC, 30, 17, 108.7, 114.5, .3551, 52.4, 54.8, 16.3, 16.6, 28.6, 28.7, 30, 26.4, 55.1, 56.1, 32.1, 35.3, 65.1, -9.6
240, Rhode Island, A10, 31, 9, 98.2, 103.5, .3518, 44.2, 49.1, 20.4, 17.2, 31.6, 29.5, 37, 31.7, 43.6, 49.6, 30.4, 32.1, 67.2, -15.5
241, Northern Illinois, MAC, 30, 13, 101.1, 106.7, .3495, 52.2, 50.7, 20.3, 18.6, 25, 32.8, 34.3, 35.8, 52.1, 51.7, 34.9, 32.7, 69, -12
242, Robert Morris, Horz, 31, 16, 98.6, 104.5, .3389, 49.2, 49.6, 19.5, 19.1, 29.7, 28.5, 26.9, 31.1, 50.4, 47.4, 31.4, 36.2, 66.2, -11.9
243, Idaho St., BSky, 30, 11, 102.4, 108.6, .3365, 50.8, 51.4, 17.2, 17.8, 24.6, 27.2, 28.9, 35.5, 51.3, 52.6, 33.3, 32.5, 65.2, -15.3
244, Fort Wayne, Horz, 30, 17, 100.5, 106.7, .3360, 50.5, 51.9, 18.9, 17.7, 27.1, 26.1, 28.7, 23, 50.8, 55.2, 33.5, 31.2, 69, -9.9
245, Western Carolina, SC, 30, 18, 102.1, 108.4, .3343, 49, 51.1, 15.7, 15.7, 25.8, 25.5, 34.5, 34, 48.1, 51.7, 33.6, 33.1, 67.5, -9.4
246, UMBC, AE, 31, 18, 105.0, 111.7, .3291, 51.3, 52.9, 14.8, 16.9, 26.4, 26.8, 27, 25.6, 51.8, 50.6, 33.8, 37.7, 67.7, -9.4
247, Winthrop, BSth, 30, 15, 108.1, 115.0, .3287, 55.1, 54.8, 20.6, 17.4, 25.9, 34.2, 41.6, 31, 53.8, 55.5, 37.9, 35.8, 66.9, -11.1
248, East Tennessee St., SC, 30, 12, 100.9, 107.4, .3279, 50.5, 50.8, 19.5, 17.5, 29.9, 28.9, 31.2, 26.9, 51.8, 51.8, 32.1, 32.9, 65.9, -15
249, Canisius, MAAC, 29, 10, 102.0, 108.6, .3273, 48.6, 52.8, 17.5, 18.7, 28.4, 29.9, 24.9, 27.7, 47.4, 52, 33.6, 36.4, 67.6, -14.8
250, North Alabama, ASun, 29, 18, 105.0, 111.8, .3259, 51.3, 52.4, 15.6, 15.2, 23.2, 28.1, 30.9, 32, 49.9, 50, 36.1, 37.7, 68.5, -7.8
251, USC Upstate, BSth, 29, 16, 99.1, 105.6, .3236, 51.1, 50, 19.5, 20.5, 24.5, 32.7, 32.2, 43.8, 51.5, 49.3, 33.6, 34.2, 67.9, -9.6
252, Bellarmine, ASun, 30, 15, 102.5, 109.6, .3171, 51.7, 54.7, 18.2, 17.7, 20.6, 28.1, 25.4, 31.8, 53.9, 55, 32.6, 36.3, 62, -10
253, SIU Edwardsville, OVC, 30, 19, 99.6, 106.7, .3127, 48.5, 49, 18.5, 19.2, 30.6, 29.4, 40.3, 34.6, 48.5, 48.1, 32.3, 33.6, 69.1, -10.2
254, UT Rio Grande Valley, WAC, 28, 15, 103.2, 110.5, .3125, 51.2, 52, 22.2, 16.9, 29, 29.5, 45.9, 38.9, 51.7, 51.9, 33.5, 34.8, 72.5, -10.2
255, Sacramento St., BSky, 30, 14, 102.2, 109.5, .3115, 50.8, 52.2, 20.8, 14.5, 32.9, 24, 27.5, 25.8, 50, 51.6, 34.9, 35.7, 62.3, -11.4
256, Alcorn St., SWAC, 31, 18, 101.5, 108.8, .3104, 45.5, 51.4, 18.3, 21.1, 33.5, 31.3, 35.1, 39.1, 46, 52.5, 29.6, 33.2, 67.2, -6.9
257, Dartmouth, Ivy, 26, 10, 100.4, 107.7, .3077, 50, 51.3, 20.2, 16.5, 23.5, 26.2, 29.1, 31.7, 50.8, 51.6, 32.6, 34, 68.7, -12.8
258, Southeastern Louisiana, Slnd, 29, 18, 103.6, 111.2, .3068, 50.9, 54.2, 16.9, 19.8, 27.6, 29.9, 32.1, 33.4, 49.1, 52.1, 36.4, 38.2, 68.7, -9
259, Mount St. Mary's, MAAC, 32, 13, 98.1, 105.5, .3028, 48.6, 48.9, 20.8, 17.9, 27.8, 29.9, 26, 29.2, 45.8, 48, 36, 33.7, 65.8, -14.2
260, Louisiana Monroe, SB, 29, 11, 98.1, 105.7, .2982, 45.2, 51.7, 18.7, 17.6, 27.3, 29.9, 30, 28.6, 41.6, 50.3, 34.2, 36, 66.1, -13.4
261, Southeast Missouri St., OVC, 33, 19, 100.8, 108.7, .2975, 50, 51.6, 17.3, 19, 25.3, 27.9, 38.3, 43.6, 50, 50.8, 33.3, 35.3, 72.2, -11.3
262, Fairfield, MAAC, 30, 13, 98.8, 106.6, .2940, 46, 49.3, 18.2, 17.8, 28.6, 29.5, 37.9, 28.1, 47.8, 51.7, 28.6, 29.3, 64.9, -12.9
263, North Dakota, Sum, 31, 13, 103.8, 112.1, .2909, 51, 53.5, 16.7, 15.5, 25.7, 27.4, 27.3, 28, 50.6, 53, 34.4, 36.4, 67, -14.1
264, Niagara, MAAC, 28, 15, 100.1, 108.2, .2903, 50.1, 49.9, 18.4, 16.8, 25.8, 27.5, 30.8, 33.3, 49.9, 48, 33.6, 36.2, 63.2, -9.4
265, California, P12, 32, 3, 96.9, 104.7, .2902, 43.7, 51.6, 20.1, 16, 25.3, 30.4, 31.5, 32.6, 43.2, 52.5, 29.8, 33.4, 63.4, -16.6
266, Lafayette, Pat, 34, 11, 95.2, 103.0, .2892, 48.7, 50.8, 17.9, 18.2, 23.8, 25.3, 24.5, 29.4, 48.4, 50.6, 32.7, 34.1, 62.9, -16.5
267, Miami OH, MAC, 29, 12, 103.1, 111.5, .2885, 52, 53.8, 19.6, 17.8, 26.6, 32.6, 32.1, 37.1, 53.8, 54.1, 32.9, 35.4, 66.8, -14.1
268, Bowling Green, MAC, 29, 11, 103.8, 112.5, .2841, 50.5, 54.1, 17.5, 16.3, 29.8, 28, 32.5, 33.6, 50.4, 53.8, 33.8, 36.4, 69.6, -15
269, Nicholls St., Slnd, 27, 16, 99.5, 107.8, .2841, 50.3, 52.5, 18.5, 23.7, 29.3, 33.7, 27.6, 47.6, 50.5, 51.4, 33.3, 36.2, 70.5, -9.3
270, UTSA, CUSA, 30, 10, 102.1, 110.9, .2792, 47.4, 52.5, 19.5, 15.4, 28.5, 31.2, 37.4, 30.6, 45.3, 51.9, 33.8, 35.6, 69.1, -14.4
271, Tennessee St., OVC, 28, 18, 101.2, 110.0, .2771, 50.9, 49.9, 17.3, 18.5, 26.9, 28.2, 35.1, 42.4, 49.6, 49.5, 35.1, 33.8, 70.5, -11.3
272, Oakland, Horz, 31, 13, 103.0, 111.9, .2769, 49.2, 54.8, 15.1, 18.7, 24.2, 32.7, 31.6, 22.5, 51.3, 53.9, 30.6, 37.5, 68.4, -12.5
273, Prairie View A&M, SWAC, 30, 13, 94.1, 102.3, .2764, 44.8, 48.2, 19.6, 21.2, 31.7, 28.7, 33, 41.8, 44, 47.3, 30.9, 33.3, 67.6, -13.5
274, Denver, Sum, 30, 15, 100.8, 109.7, .2748, 52.3, 51.7, 21.4, 15.6, 29.8, 27.4, 39.4, 27.7, 53.4, 52.2, 32.9, 33.9, 68.6, -12.7
275, Tennessee Martin, OVC, 29, 19, 101.6, 110.6, .2745, 50.4, 49.6, 16.8, 16.8, 27, 29, 36.1, 34, 51.9, 50.5, 31.9, 32.3, 71.1, -10.5
276, Maryland Eastern Shore, MEAC, 25, 17, 93.4, 101.6, .2745, 48, 50.7, 21.1, 24.6, 27, 31.5, 30.7, 34.8, 46.4, 51.5, 33.5, 32.8, 69.2, -6.9
277, Tennessee Tech, OVC, 30, 16, 101.6, 110.5, .2742, 51.4, 51.7, 17.8, 18, 23.8, 30.2, 29.9, 25.8, 48.1, 52.1, 37.3, 34, 66.3, -12.5
278, Louisville, ACC, 32, 4, 101.6, 110.6, .2735, 48, 54.1, 22.3, 15.2, 28.2, 30.1, 32.9, 30.6, 47.3, 54.9, 32.9, 35.2, 66.5, -17
279, Southern, SWAC, 29, 15, 96.2, 104.8, .2720, 48.7, 51.3, 20.5, 22.9, 24.3, 28.1, 34, 42, 48, 51.5, 33.1, 33.9, 71.1, -10.2
280, Southern Indiana, OVC, 29, 16, 103.0, 112.3, .2715, 50.5, 51.8, 18.3, 16.7, 32.6, 25, 33.4, 40.3, 47.2, 51, 36.6, 35.2, 69.3, -12.3
281, New Hampshire, AE, 28, 15, 97.5, 106.4, .2683, 45.8, 49.1, 15, 16.2, 26, 27.4, 29.6, 30.2, 42.8, 50, 33.4, 31.5, 64.1, -10.5
282, Illinois Chicago, MVC, 31, 12, 98.9, 107.9, .2678, 48.7, 51.2, 18.3, 19.6, 22.7, 30.3, 34.1, 33, 47.9, 51.1, 33.2, 34.3, 69, -13.7
283, Valparaiso, MVC, 31, 11, 98.4, 107.4, .2665, 49, 51.5, 18.1, 15.6, 22.5, 24.5, 27.9, 31.8, 51.9, 51.6, 29.2, 34.3, 68, -14.4
284, Lehigh, Pat, 28, 16, 97.8, 107.0, .2641, 49.8, 50.3, 17.4, 16.6, 18.8, 26.7, 31.1, 28.5, 48.4, 50.9, 35, 32.8, 69.6, -9.9
285, Merrimack, NEC, 32, 18, 91.2, 99.9, .2605, 48.3, 49.1, 20.7, 26, 20.5, 35.6, 34.6, 26.9, 48.2, 48.9, 32.3, 33, 66.2, -11.7
286, American, Pat, 32, 17, 101.0, 110.7, .2575, 54.4, 51.8, 22, 19.2, 28.3, 27.9, 27.9, 32.1, 55.8, 48.7, 34.6, 38.5, 62.5, -11.2
287, Illinois St., MVC, 32, 11, 100.1, 109.8, .2569, 50.2, 51.8, 21.8, 16.7, 28.2, 26.7, 31.3, 34, 50, 52.6, 33.6, 33.7, 65, -15.4
288, Maine, AE, 28, 13, 98.7, 108.3, .2558, 51.1, 53.4, 18.7, 20.3, 22.9, 30, 23, 28.7, 51.5, 54.4, 33.5, 34.6, 65.7, -11.7
289, Arkansas St., SB, 30, 13, 99.8, 109.5, .2553, 47.6, 50.3, 18.1, 16.6, 28.8, 28, 35.1, 34.8, 45.5, 48, 34.6, 36.4, 63.2, -14.2
290, Coastal Carolina, SB, 28, 11, 104.2, 114.8, .2470, 47.5, 53.1, 17.8, 15.5, 30.3, 30.7, 28.9, 29.3, 48.4, 51.3, 30.6, 36.7, 68, -14.5
291, Tulsa, Amer, 29, 5, 99.6, 109.7, .2466, 47.9, 53.3, 19.2, 17.1, 25.1, 33.3, 26.6, 28, 48.7, 57.6, 31.1, 31.3, 68.1, -14.8
292, Bucknell, Pat, 31, 12, 99.1, 109.4, .2428, 51.3, 51.2, 20.2, 15.4, 25.4, 25, 26.9, 27.7, 51.1, 49.4, 34.5, 36.4, 66.7, -16
293, Georgia St., SB, 28, 10, 97.7, 108.0, .2420, 45.6, 50.7, 19.5, 17.5, 30.1, 29.5, 33.5, 35.4, 46.5, 48.6, 29, 36.5, 66.9, -15.4
294, Cal St. Bakersfield, BW, 31, 11, 95.3, 105.3, .2406, 44.6, 51.1, 19.8, 20.5, 27.2, 28.4, 29.4, 43.6, 43.7, 50.2, 31.5, 34.9, 63, -15.4
295, South Dakota, Sum, 29, 12, 102.8, 113.6, .2404, 50.1, 52.7, 17.3, 14.4, 24.9, 27.1, 28.1, 31.8, 45.5, 51.8, 37.9, 36.1, 66, -13.4
296, Texas Southern, SWAC, 30, 12, 96.5, 106.6, .2401, 46.5, 50, 20.2, 18.2, 28.3, 27.1, 33.6, 37.2, 48.1, 49, 28.3, 34.6, 69.5, -13.4
297, Charleston Southern, BSth, 29, 10, 105.0, 116.1, .2396, 50.3, 54.3, 18.1, 16.7, 32.2, 31, 27.4, 36.6, 49.7, 54.3, 34.1, 36.2, 65.6, -15.9
298, Western Illinois, Sum, 27, 16, 101.5, 112.3, .2377, 50.1, 53.4, 15.1, 16.4, 26.9, 26.7, 31.4, 27.4, 51.8, 54.6, 31.5, 33.9, 66.7, -9.8
299, Marist, MAAC, 30, 11, 97.3, 107.9, .2349, 48, 48.9, 17.7, 17.2, 25.2, 28.2, 27.1, 28.2, 47.3, 45.8, 32.6, 36.1, 65.5, -15.3
300, Boston University, Pat, 31, 15, 97.0, 107.5, .2344, 47, 50.5, 17.8, 18.3, 28.7, 24.6, 29, 36.5, 45.9, 50.3, 32.4, 33.8, 65.5, -12.3
301, Cal Poly, BW, 30, 8, 94.2, 104.5, .2335, 45.9, 50.4, 20.9, 18.8, 24.4, 25.1, 31, 42, 46.6, 49.1, 29.8, 35.2, 63.9, -17.3
302, Chicago St., ind, 27, 11, 102.3, 113.5, .2328, 48.8, 53.3, 21.3, 16.7, 33.5, 33.2, 31.9, 35.9, 48.4, 53.1, 32.9, 35.7, 64.8, -12.7
303, Binghamton, AE, 29, 13, 98.9, 109.9, .2288, 49.5, 50.5, 19.4, 15.1, 28.7, 27.3, 28.2, 35.4, 50, 50.8, 32.4, 33.2, 66, -13.1
304, High Point, BSth, 29, 14, 100.2, 111.5, .2266, 50.2, 50.7, 19.6, 16.3, 30.8, 32, 38.7, 35.3, 51.4, 52, 32.3, 32.5, 71.5, -12.7
305, Northeastern, CAA, 30, 10, 98.0, 109.1, .2262, 47.9, 50.1, 21.3, 14.5, 31.7, 26.9, 27.7, 31.7, 46.8, 49.2, 33.2, 34.9, 66.9, -14.3
306, Saint Peter's, MAAC, 30, 14, 97.2, 108.2, .2260, 44.4, 49.6, 19.9, 19.8, 36.3, 30.4, 28.2, 50.1, 44.4, 48.7, 29.6, 34.2, 62.9, -12.1
307, Idaho, BSky, 30, 10, 101.8, 113.6, .2218, 52, 54.3, 17.2, 16.1, 19.6, 27.8, 35.8, 31.6, 54.2, 52.6, 32, 38.7, 65.9, -17.4
308, Fairleigh Dickinson, NEC, 32, 19, 106.5, 118.8, .2215, 51.5, 55.8, 16.3, 21.4, 31.4, 28.9, 27.9, 34.8, 51.4, 56.1, 34.4, 36.9, 68.8, -12.1
309, Jackson St., SWAC, 32, 14, 98.3, 109.8, .2191, 47.6, 52.3, 22.1, 19.2, 32.6, 29, 32.8, 33.6, 47.2, 51.9, 32.2, 35.3, 68.2, -11.1
310, Elon, CAA, 30, 8, 98.7, 110.7, .2107, 47.8, 52.1, 18.4, 17.1, 24.9, 30.6, 27.5, 29, 50.5, 51.4, 29.2, 35.2, 66.1, -18.8
311, Alabama A&M, SWAC, 28, 14, 95.9, 107.6, .2090, 48.7, 49.8, 21.1, 21.5, 28.5, 33.8, 34.1, 41.3, 46.9, 48.7, 35, 34.3, 68.8, -13
312, Manhattan, MAAC, 29, 12, 97.1, 109.3, .2049, 49.2, 51.3, 19.8, 20.5, 26.6, 34.2, 31.5, 30.5, 49.1, 49.1, 32.9, 36.8, 66.9, -13.4
313, Texas A&M Commerce, Slnd, 32, 13, 100.8, 113.5, .2045, 52.4, 52.8, 18.9, 17.7, 26.5, 29.9, 28.3, 37.9, 56.2, 53.1, 31.9, 34.8, 65.5, -15.2
314, Eastern Michigan, MAC, 30, 8, 101.4, 114.2, .2031, 49.2, 55.6, 16.9, 17.1, 25.1, 32.8, 32.2, 35, 50.3, 58.7, 31.4, 34.1, 69.3, -16.8
315, Wagner, NEC, 26, 15, 93.7, 105.6, .2023, 44.9, 49.1, 19.1, 20.9, 34.4, 24.8, 25.2, 47, 44.7, 50.2, 30.2, 31.5, 62.2, -10.2
316, William & Mary, CAA, 31, 13, 100.1, 112.7, .2021, 49.4, 53.9, 18.8, 17, 27.4, 29.9, 29.2, 27.4, 46.3, 54.3, 36.3, 35.5, 65, -14.2
317, Morgan St., MEAC, 25, 14, 93.9, 105.9, .2002, 47, 50.6, 21.7, 23.8, 30.2, 37.6, 31.6, 42.7, 44.3, 52, 35.6, 32, 70.2, -9.8
318, Arkansas Pine Bluff, SWAC, 27, 10, 95.2, 107.4, .1997, 45.2, 51.4, 21.6, 21.4, 26.6, 29, 33.8, 43.2, 44, 51.1, 31.1, 34.5, 69.7, -15.2
319, Nebraska Omaha, Sum, 31, 9, 99.8, 112.7, .1967, 48.5, 53.2, 18.5, 15.8, 24.2, 28.9, 29.6, 33.4, 47.7, 52, 33.7, 36.5, 67.9, -15.6
320, Loyola MD, Pat, 31, 13, 99.5, 112.6, .1948, 51.3, 55.5, 20.4, 20.2, 26.6, 28.7, 28.2, 29.8, 50, 55.3, 35.6, 37.1, 65.9, -15.3
321, NJIT, AE, 29, 7, 98.3, 111.4, .1903, 48.3, 52.3, 16, 14.9, 23.4, 29.1, 28.2, 27.9, 46.1, 53.2, 35.2, 34, 66.3, -18.1
322, Little Rock, OVC, 29, 10, 101.8, 115.8, .1859, 49.2, 56.1, 18, 19.2, 29.3, 30.4, 31.9, 37, 49.4, 54.1, 32.5, 39.5, 70.9, -16.5
323, New Orleans, Slnd, 30, 12, 98.8, 112.4, .1849, 52.7, 54.1, 23.6, 20.2, 29.8, 32.7, 36.5, 39.9, 51.1, 54.1, 37.9, 36.2, 71.1, -15.5
324, North Carolina A&T, CAA, 29, 13, 97.8, 111.3, .1838, 47.4, 50.6, 17.5, 15.7, 24.6, 30.2, 30, 28.5, 46.2, 51, 32.9, 33.2, 70, -13.1
325, UMKC, Sum, 30, 11, 95.5, 108.7, .1836, 43.4, 50.1, 19.9, 17.3, 35.9, 29.4, 33.3, 39.4, 44.7, 48.9, 27.3, 34.6, 63.9, -15
326, McNeese St., Slnd, 33, 11, 99.6, 113.7, .1798, 49, 55, 21.6, 18.4, 33.3, 30.9, 29.2, 34.9, 49.2, 52.1, 32.4, 39.7, 66.2, -16.3
327, Cal St. Northridge, BW, 30, 7, 95.4, 109.1, .1767, 44.1, 50.4, 19.6, 18, 27.3, 30.5, 36.6, 39, 42.8, 49.6, 31.2, 34.6, 65.2, -18.8
328, Central Arkansas, ASun, 30, 9, 98.8, 113.0, .1756, 47.1, 54.7, 18.1, 16.7, 27.9, 30.5, 24.3, 28.9, 46.8, 54.8, 31.6, 36.3, 72.3, -15.6
329, Stonehill, NEC, 30, 14, 94.7, 108.4, .1754, 50.9, 50.2, 19.7, 19.8, 19.1, 31.4, 32.2, 27.3, 49.9, 49, 34.8, 34.6, 66.7, -12.5
330, Western Michigan, MAC, 28, 8, 102.1, 116.9, .1739, 48.8, 54.8, 19.1, 14.4, 33, 27.6, 27.8, 33.1, 49.3, 54.4, 32.1, 37, 65.6, -16.7
331, St. Francis PA, NEC, 29, 13, 101.0, 115.9, .1698, 51.9, 51.9, 18.3, 14.7, 25.3, 28.9, 32.8, 29.9, 50.4, 52.7, 36.4, 33.7, 68.4, -14.4
332, Incarnate Word, Slnd, 28, 12, 97.3, 111.8, .1679, 48.5, 54.4, 20, 20.5, 26.3, 33.2, 33.3, 32.7, 47.3, 53.9, 34.1, 36.8, 66.9, -15.2
333, Austin Peay, ASun, 28, 9, 96.4, 111.2, .1614, 46.3, 54.7, 17.4, 19.5, 26, 31.9, 26.1, 37, 46, 56.4, 31.2, 34.4, 64.8, -15.8
334, The Citadel, SC, 31, 10, 97.3, 112.7, .1568, 49.3, 52.4, 18.2, 16.9, 20.8, 31.7, 28.9, 33.9, 49.6, 53.5, 32.5, 33.9, 67.2, -16
335, Stony Brook, CAA, 31, 11, 95.7, 111.1, .1522, 47.5, 50.3, 19.6, 14, 21.9, 27.4, 29.4, 26.2, 48.1, 50, 31.1, 33.8, 63.9, -15.9
336, Sacred Heart, NEC, 32, 16, 96.1, 111.7, .1506, 48.4, 50.2, 18.8, 19.4, 28.8, 30.8, 27.6, 26.5, 49.8, 49.7, 30.6, 34.1, 69.9, -13.5
337, Presbyterian, BSth, 30, 5, 94.1, 109.8, .1440, 47.3, 54, 20.8, 18.4, 29.9, 29.5, 36.5, 39.1, 47.3, 52, 31.5, 38.5, 64.5, -22.3
338, Holy Cross, Pat, 30, 10, 94.6, 110.5, .1434, 48.5, 51.8, 17.5, 17.4, 21.5, 30.1, 25.5, 27.8, 46.5, 53.9, 35.3, 31.9, 69, -18
339, Central Michigan, MAC, 29, 10, 93.0, 108.7, .1418, 46.5, 51.9, 22.9, 19.2, 30.5, 32.5, 36.9, 41, 47.4, 50.9, 30, 35.6, 67.3, -15.1
340, Columbia, Ivy, 27, 7, 94.8, 111.1, .1389, 45.5, 52, 19.9, 17.6, 25.3, 30.9, 28.1, 28.8, 45.4, 53.2, 30.4, 33.1, 69.7, -16.5
341, Lindenwood, OVC, 29, 11, 96.2, 112.8, .1376, 48.8, 52.4, 19.5, 17.8, 23, 31, 28.3, 31.1, 45.7, 52, 36.2, 35.2, 67.1, -16.3
342, South Carolina St., MEAC, 30, 5, 98.5, 115.5, .1375, 46.9, 57.7, 20.9, 21, 34.2, 34.5, 29.2, 43.5, 47.3, 56.8, 30.8, 39.5, 71.8, -19.8
343, Coppin St., MEAC, 31, 9, 98.6, 116.1, .1318, 51.4, 53.3, 20.1, 18.5, 18.6, 35.7, 37.2, 34.1, 51.7, 54.8, 33.9, 34.1, 72, -15.4
344, Central Connecticut, NEC, 32, 10, 97.0, 114.4, .1302, 48.1, 51.3, 17.9, 16.4, 28.5, 28.2, 23.3, 26.5, 47.5, 50.2, 32.7, 35.4, 64.4, -18.4
345, Bethune Cookman, SWAC, 30, 12, 97.3, 115.0, .1271, 46.6, 52.7, 18.3, 19.3, 26.9, 34.7, 32.1, 35.2, 43.1, 52.1, 35.8, 35.8, 68.7, -15.6
346, Albany, AE, 29, 8, 98.2, 116.4, .1233, 47.3, 55.3, 19.2, 16.6, 27.8, 26.7, 31, 36.8, 46.6, 56.5, 32.2, 35.3, 67.4, -17.4
347, Houston Christian, Slnd, 29, 10, 101.6, 120.5, .1232, 51.4, 57.5, 21.1, 16.7, 28, 31.6, 40.6, 33.3, 49.5, 57.9, 36.1, 37.8, 70.6, -17.7
348, Hampton, CAA, 31, 8, 97.7, 116.1, .1201, 45.1, 53.9, 16, 15.7, 26.5, 30.3, 32.1, 35.3, 43.4, 52.2, 32.1, 37.9, 68.8, -18.4
349, Eastern Illinois, OVC, 29, 9, 94.0, 111.9, .1195, 48, 52.2, 19.2, 19.7, 25.3, 32.2, 32.4, 32.5, 47.7, 52.4, 32.6, 34.6, 68, -17.8
350, Evansville, MVC, 32, 5, 91.8, 109.4, .1180, 45.1, 55.8, 17.6, 18.9, 20.7, 25.5, 29.4, 30.1, 43.4, 54.8, 32.2, 38.1, 69.6, -20
351, Monmouth, CAA, 33, 7, 92.2, 110.0, .1157, 43.8, 54.4, 21.1, 21, 30.3, 32.9, 33.1, 38.8, 44, 53.4, 28.8, 37, 68.3, -18.9
352, Alabama St., SWAC, 30, 8, 92.7, 111.1, .1109, 42.3, 49.7, 18.7, 17.7, 31.7, 34.4, 31.2, 34.6, 40.4, 48.9, 30.8, 34.2, 66.4, -17
353, VMI, SC, 29, 7, 97.9, 117.9, .1054, 47.8, 56.9, 19.3, 14.6, 28.9, 27.3, 21, 28.1, 45, 57.7, 34.2, 37.4, 66.8, -19.8
354, Lamar, Slnd, 28, 9, 95.2, 114.9, .1038, 47.6, 53, 21.2, 17.1, 31.9, 33.5, 32.2, 30.8, 47.5, 54.5, 31.9, 34.1, 65.8, -18.3
355, Florida A&M, SWAC, 27, 7, 90.4, 109.3, .1019, 45, 51.1, 24, 18, 27.6, 33.6, 31.4, 44.6, 43.2, 51.8, 32.1, 33.2, 65, -16.2
356, Mississippi Valley St., SWAC, 32, 5, 93.0, 112.5, .1013, 45.4, 53.3, 23.4, 19.5, 28.7, 32.4, 38, 39.8, 42.8, 53, 34.9, 35.8, 67.1, -20
357, St. Francis NY, NEC, 28, 14, 91.4, 110.7, .0992, 45.9, 50.5, 21.1, 19.6, 30.9, 31.8, 31.1, 31.6, 41.6, 47.1, 36.5, 39.7, 65.8, -13.1
358, Delaware St., MEAC, 27, 6, 91.9, 111.8, .0959, 45.7, 54.4, 23.5, 19, 30.1, 29.4, 29.3, 37, 45.1, 50.6, 31.4, 39.5, 67.6, -17.5
359, IUPUI, Horz, 30, 5, 96.6, 118.8, .0853, 49.7, 55, 23.2, 16.7, 29, 31.9, 32.2, 36, 51.7, 54.6, 29.8, 37.2, 67.1, -22.2
360, Green Bay, Horz, 32, 3, 91.6, 115.4, .0662, 46, 54.8, 21.1, 16.1, 21.7, 32.4, 31.5, 31.6, 46.6, 56.1, 30.1, 35, 65.2, -22.9
361, Hartford, ind, 25, 5, 90.9, 118.8, .0441, 47.7, 55.4, 22.7, 17.6, 25.2, 33.5, 24.1, 27.7, 47.4, 53.8, 32, 38.7, 65.5, -19.9
362, LIU Brooklyn, NEC, 27, 3, 87.3, 117.6, .0315, 45.6, 55.1, 22.7, 16.7, 24.7, 30.3, 31.7, 32.1, 44.8, 54.6, 32, 37.4, 72.5, -21.4
